Loan_ID,Gender,Married,Dependents,Education,Self_Employed,ApplicantIncome,CoapplicantIncome,LoanAmount,Loan_Amount_Term,Credit_History,Property_Area,Loan_Status
LP001002,Male,No,0,Graduate,No,5849,0.0,128.0,360.0,1.0,Urban,Y
LP001003,Male,Yes,1,Graduate,No,4583,1508.0,128.0,360.0,1.0,Rural,N
LP001005,Male,Yes,0,Graduate,Yes,3000,0.0,66.0,360.0,1.0,Urban,Y
LP001006,Male,Yes,0,Not Graduate,No,2583,2358.0,120.0,360.0,1.0,Urban,Y
LP001008,Male,No,0,Graduate,No,6000,0.0,141.0,360.0,1.0,Urban,Y
LP001011,Male,Yes,2,Graduate,Yes,5417,4196.0,267.0,360.0,1.0,Urban,Y
LP001013,Male,Yes,0,Not Graduate,No,2333,1516.0,95.0,360.0,1.0,Urban,Y
LP001014,Female,No,3+,Graduate,No,3036,2504.0,158.0,360.0,0.0,Semiurban,N
LP001018,Male,Yes,2,Graduate,No,4006,1526.0,168.0,360.0,1.0,Urban,Y
LP001020,Male,Yes,0,Graduate,No,12841,10968.0,349.0,360.0,1.0,Semiurban,N
LP001024,Male,Yes,2,Graduate,No,3200,700.0,70.0,360.0,1.0,Urban,Y
LP001027,Male,Yes,2,Graduate,No,2500,1840.0,109.0,360.0,1.0,Urban,Y
LP001028,Male,Yes,2,Graduate,No,3073,8106.0,200.0,360.0,1.0,Urban,Y
LP001029,Male,No,0,Graduate,No,1853,2840.0,114.0,360.0,1.0,Rural,N
LP001030,Female,Yes,2,Graduate,No,1299,1086.0,17.0,120.0,1.0,Urban,Y
LP001032,Male,No,0,Graduate,No,4950,0.0,125.0,360.0,1.0,Urban,Y
LP001034,Male,No,1,Not Graduate,No,3596,0.0,100.0,240.0,0.0,Urban,N
LP001036,Female,No,0,Graduate,No,3510,0.0,76.0,360.0,0.0,Urban,N
LP001038,Male,No,0,Not Graduate,No,4887,0.0,133.0,360.0,1.0,Rural,N
LP001041,Male,Yes,0,Graduate,No,2600,3250.0,115.0,360.0,1.0,Urban,Y
LP001043,Male,Yes,0,Graduate,No,4158,0.0,168.0,360.0,1.0,Semiurban,Y
LP001046,Male,Yes,1,Graduate,No,2400,2917.0,128.0,360.0,1.0,Rural,N
LP001047,Male,Yes,0,Graduate,No,5000,1800.0,208.0,360.0,1.0,Rural,N
LP001050,Female,No,0,Not Graduate,No,2900,0.0,71.0,360.0,1.0,Rural,Y
LP001051,Male,No,0,Graduate,No,4106,0.0,113.0,360.0,1.0,Urban,Y
LP001054,Male,Yes,0,Not Graduate,No,5000,0.0,60.0,360.0,1.0,Urban,Y
LP001055,Male,Yes,1,Graduate,No,3000,0.0,100.0,180.0,1.0,Urban,Y
LP001056,Male,Yes,0,Graduate,No,2400,0.0,100.0,360.0,1.0,Semiurban,Y
LP001059,Male,No,0,Graduate,No,3659,4346.0,200.0,360.0,1.0,Urban,Y
LP001062,Male,No,0,Graduate,No,4500,0.0,100.0,360.0,1.0,Urban,Y
LP001064,Male,Yes,0,Graduate,No,5000,2000.0,189.0,360.0,1.0,Urban,Y
LP001066,Male,Yes,0,Not Graduate,No,3816,2768.0,150.0,360.0,1.0,Semiurban,Y
LP001068,Male,No,0,Graduate,No,3490,0.0,96.0,360.0,1.0,Urban,Y
LP001072,Male,Yes,0,Graduate,No,4750,1600.0,187.0,360.0,1.0,Urban,Y
LP001073,Male,No,0,Graduate,No,2000,0.0,51.0,360.0,1.0,Urban,Y
LP001074,Male,Yes,0,Graduate,No,4158,0.0,100.0,360.0,1.0,Semiurban,Y
LP001076,Male,Yes,0,Graduate,No,4758,0.0,125.0,360.0,1.0,Urban,Y
LP001078,Male,No,0,Graduate,No,3400,0.0,90.0,360.0,1.0,Urban,Y
LP001079,Male,No,0,Graduate,Yes,12500,0.0,298.0,360.0,1.0,Urban,Y
LP001080,Male,No,0,Graduate,No,4000,0.0,109.0,360.0,1.0,Urban,Y
LP001083,Male,Yes,0,Graduate,No,2917,2542.0,143.0,360.0,1.0,Urban,Y
LP001085,Male,Yes,0,Graduate,No,4106,0.0,116.0,360.0,1.0,Urban,Y
LP001086,Female,No,0,Graduate,No,4583,0.0,100.0,360.0,1.0,Semiurban,Y
LP001088,Male,No,0,Graduate,No,2600,0.0,72.0,360.0,1.0,Urban,Y
LP001090,Male,Yes,0,Graduate,No,7660,0.0,147.0,360.0,1.0,Urban,Y
LP001091,Male,Yes,0,Graduate,No,3500,0.0,109.0,360.0,1.0,Urban,Y
LP001094,Male,Yes,1,Graduate,No,5000,1800.0,150.0,360.0,1.0,Urban,Y
LP001095,Male,No,0,Not Graduate,No,1958,0.0,60.0,360.0,1.0,Urban,Y
LP001096,Male,Yes,0,Graduate,No,2500,0.0,100.0,360.0,1.0,Rural,N
LP001097,Male,No,0,Graduate,No,3500,0.0,100.0,360.0,1.0,Urban,Y
LP001098,Female,No,0,Graduate,No,2119,0.0,70.0,360.0,1.0,Semiurban,Y
LP001099,Male,Yes,0,Graduate,No,6600,0.0,155.0,360.0,1.0,Urban,Y
LP001100,Male,No,0,Graduate,No,2800,0.0,75.0,360.0,1.0,Urban,Y
LP001101,Male,Yes,1,Graduate,No,3167,2917.0,137.0,360.0,1.0,Urban,Y
LP001102,Male,Yes,0,Graduate,No,4083,1667.0,166.0,360.0,1.0,Urban,Y
LP001103,Male,No,0,Graduate,No,4583,0.0,115.0,360.0,1.0,Urban,Y
LP001104,Male,Yes,0,Not Graduate,No,3333,0.0,90.0,360.0,1.0,Urban,Y
LP001105,Male,Yes,0,Graduate,No,5833,0.0,128.0,360.0,1.0,Urban,Y
LP001106,Male,No,0,Graduate,No,4167,0.0,100.0,360.0,1.0,Urban,Y
LP001107,Male,Yes,0,Graduate,No,4583,0.0,128.0,360.0,1.0,Urban,Y
LP001108,Female,No,0,Graduate,No,2500,0.0,70.0,360.0,1.0,Semiurban,Y
LP001109,Male,No,0,Graduate,No,3750,0.0,100.0,360.0,1.0,Urban,Y
LP001110,Male,Yes,0,Graduate,No,5000,0.0,128.0,360.0,1.0,Urban,Y
LP001111,Male,Yes,1,Graduate,No,3333,0.0,90.0,360.0,1.0,Urban,Y
LP001112,Male,Yes,0,Graduate,No,4583,0.0,128.0,360.0,1.0,Urban,Y
LP001113,Female,No,0,Graduate,No,2500,0.0,70.0,360.0,0.0,Semiurban,N
LP001114,Male,No,0,Graduate,No,3750,0.0,100.0,360.0,1.0,Urban,Y
LP001115,Male,Yes,2,Graduate,No,3333,2500.0,125.0,360.0,1.0,Rural,Y
LP001116,Male,Yes,0,Not Graduate,No,2000,2500.0,113.0,360.0,1.0,Semiurban,Y
LP001117,Male,No,0,Graduate,No,4500,0.0,128.0,360.0,1.0,Urban,Y
LP001118,Male,Yes,1,Graduate,No,3750,1500.0,140.0,360.0,1.0,Urban,Y
LP001119,Female,No,0,Graduate,No,3333,0.0,76.0,360.0,1.0,Semiurban,Y
LP001120,Male,No,0,Not Graduate,No,2167,0.0,64.0,360.0,1.0,Urban,Y
LP001121,Male,Yes,0,Graduate,No,5417,0.0,128.0,360.0,1.0,Urban,Y
LP001122,Male,Yes,0,Graduate,No,4167,1667.0,152.0,360.0,1.0,Urban,Y
LP001123,Male,No,0,Graduate,No,2583,0.0,66.0,360.0,1.0,Urban,Y
LP001124,Male,Yes,2,Graduate,No,3000,1000.0,110.0,360.0,1.0,Rural,Y
LP001125,Female,No,0,Graduate,No,2500,0.0,70.0,360.0,1.0,Semiurban,Y
LP001126,Male,Yes,0,Graduate,No,6250,0.0,152.0,360.0,1.0,Urban,Y
LP001127,Male,No,0,Graduate,No,3333,0.0,90.0,360.0,1.0,Urban,Y
LP001128,Male,Yes,1,Graduate,No,4167,1667.0,160.0,360.0,1.0,Urban,Y
LP001129,Female,No,0,Graduate,No,2083,0.0,58.0,360.0,1.0,Semiurban,Y
LP001130,Male,No,0,Graduate,No,5000,0.0,128.0,360.0,0.0,Urban,N
LP001131,Male,Yes,0,Graduate,No,4583,1250.0,152.0,360.0,1.0,Urban,Y
LP001132,Male,No,0,Not Graduate,No,2500,0.0,70.0,360.0,1.0,Urban,Y
LP001133,Male,Yes,2,Graduate,No,5833,0.0,152.0,360.0,1.0,Rural,Y
LP001134,Female,No,0,Graduate,No,2500,0.0,70.0,360.0,1.0,Semiurban,Y
LP001135,Male,Yes,0,Graduate,No,4167,0.0,113.0,360.0,1.0,Urban,Y
LP001136,Male,No,0,Graduate,No,3333,0.0,90.0,360.0,1.0,Urban,Y
LP001137,Male,Yes,1,Graduate,No,2500,2083.0,116.0,360.0,1.0,Rural,N
LP001138,Male,Yes,0,Graduate,No,5000,0.0,128.0,360.0,1.0,Urban,Y
LP001139,Female,No,0,Graduate,No,2083,0.0,58.0,360.0,1.0,Semiurban,Y
LP001140,Male,No,0,Graduate,No,4167,0.0,113.0,360.0,1.0,Urban,Y
LP001141,Male,Yes,0,Not Graduate,No,3333,1667.0,128.0,360.0,1.0,Semiurban,Y
LP001142,Male,No,0,Graduate,No,5000,0.0,128.0,360.0,1.0,Urban,Y
LP001143,Female,No,0,Graduate,No,2500,0.0,70.0,360.0,0.0,Semiurban,N
LP001144,Male,Yes,2,Graduate,No,3750,1250.0,140.0,360.0,1.0,Rural,Y
LP001145,Male,No,0,Graduate,No,4583,0.0,128.0,360.0,1.0,Urban,Y
LP001146,Male,Yes,0,Graduate,No,5833,0.0,152.0,360.0,1.0,Urban,Y
LP001147,Female,No,0,Graduate,No,2083,0.0,58.0,360.0,1.0,Semiurban,Y
LP001148,Male,No,0,Not Graduate,No,2500,0.0,70.0,360.0,1.0,Urban,Y
LP001149,Male,Yes,1,Graduate,No,4167,1250.0,152.0,360.0,1.0,Urban,Y
LP001150,Male,No,0,Graduate,No,3333,0.0,90.0,360.0,1.0,Urban,Y
LP001151,Female,No,0,Graduate,No,2500,0.0,70.0,360.0,1.0,Semiurban,Y
LP001152,Male,Yes,0,Graduate,No,5000,2000.0,175.0,360.0,1.0,Urban,Y
LP001153,Male,No,0,Graduate,No,4167,0.0,113.0,360.0,1.0,Urban,Y
LP001154,Male,Yes,2,Not Graduate,No,2500,1667.0,110.0,360.0,1.0,Rural,N
LP001155,Female,No,0,Graduate,No,2083,0.0,58.0,360.0,1.0,Semiurban,Y
LP001156,Male,No,0,Graduate,No,5833,0.0,152.0,360.0,1.0,Urban,Y
LP001157,Male,Yes,0,Graduate,No,4583,1250.0,152.0,360.0,1.0,Urban,Y
LP001158,Female,No,0,Graduate,No,2500,0.0,70.0,360.0,0.0,Semiurban,N
LP001159,Male,No,0,Graduate,No,3750,0.0,100.0,360.0,1.0,Urban,Y
LP001160,Male,Yes,1,Graduate,No,5000,1667.0,175.0,360.0,1.0,Urban,Y
LP001161,Male,No,0,Not Graduate,No,2500,0.0,70.0,360.0,1.0,Urban,Y
LP001162,Female,No,0,Graduate,No,2083,0.0,58.0,360.0,1.0,Semiurban,Y
LP001163,Male,Yes,0,Graduate,No,6250,0.0,175.0,360.0,1.0,Urban,Y
LP001164,Male,No,0,Graduate,No,4167,0.0,113.0,360.0,1.0,Urban,Y
LP001165,Male,Yes,2,Graduate,No,3333,2500.0,140.0,360.0,1.0,Rural,Y
LP001166,Female,No,0,Graduate,No,2500,0.0,70.0,360.0,1.0,Semiurban,Y
LP001167,Male,No,0,Graduate,No,5000,0.0,128.0,360.0,1.0,Urban,Y
LP001168,Male,Yes,0,Graduate,No,4583,1667.0,166.0,360.0,1.0,Urban,Y
LP001169,Male,No,0,Not Graduate,No,2083,0.0,58.0,360.0,1.0,Urban,Y
LP001170,Female,No,0,Graduate,No,2500,0.0,70.0,360.0,0.0,Semiurban,N
LP001171,Male,Yes,1,Graduate,No,5833,1250.0,187.0,360.0,1.0,Urban,Y
LP001172,Male,No,0,Graduate,No,4167,0.0,113.0,360.0,1.0,Urban,Y
LP001173,Male,Yes,0,Graduate,No,3333,2500.0,140.0,360.0,1.0,Rural,Y
LP001174,Female,No,0,Graduate,No,2500,0.0,70.0,360.0,1.0,Semiurban,Y
LP001175,Male,No,0,Graduate,No,6250,0.0,175.0,360.0,1.0,Urban,Y
LP001176,Male,Yes,2,Not Graduate,No,2500,1250.0,100.0,360.0,0.0,Rural,N
LP001177,Female,No,0,Graduate,No,2083,0.0,58.0,360.0,1.0,Semiurban,Y
LP001178,Male,No,0,Graduate,No,5000,0.0,128.0,360.0,1.0,Urban,Y
LP001179,Male,Yes,0,Graduate,No,4583,1667.0,166.0,360.0,1.0,Urban,Y
LP001180,Male,No,0,Graduate,No,3750,0.0,100.0,360.0,1.0,Urban,Y
LP001181,Female,No,0,Graduate,No,2500,0.0,70.0,360.0,1.0,Semiurban,Y
LP001182,Male,Yes,1,Graduate,No,5000,2083.0,175.0,360.0,1.0,Urban,Y
LP001183,Male,No,0,Not Graduate,No,2500,0.0,70.0,360.0,1.0,Urban,Y
LP001184,Male,Yes,0,Graduate,No,4167,1667.0,160.0,360.0,1.0,Urban,Y
LP001185,Female,No,0,Graduate,No,2083,0.0,58.0,360.0,0.0,Semiurban,N
LP001186,Male,No,0,Graduate,No,6250,0.0,175.0,360.0,1.0,Urban,Y
LP001187,Male,Yes,2,Graduate,No,3333,2500.0,140.0,360.0,1.0,Rural,Y
LP001188,Female,No,0,Graduate,No,2500,0.0,70.0,360.0,1.0,Semiurban,Y
LP001189,Male,No,0,Graduate,No,5000,0.0,128.0,360.0,1.0,Urban,Y
LP001190,Male,Yes,0,Graduate,No,4583,1250.0,152.0,360.0,1.0,Urban,Y
LP001191,Male,No,0,Not Graduate,No,2083,0.0,58.0,360.0,1.0,Urban,Y
LP001192,Female,No,0,Graduate,No,2500,0.0,70.0,360.0,1.0,Semiurban,Y
LP001193,Male,Yes,1,Graduate,No,5833,1667.0,200.0,360.0,1.0,Urban,Y
LP001194,Male,No,0,Graduate,No,4167,0.0,113.0,360.0,1.0,Urban,Y
LP001195,Male,Yes,0,Graduate,No,3333,2083.0,128.0,360.0,1.0,Rural,Y
LP001196,Female,No,0,Graduate,No,2500,0.0,70.0,360.0,0.0,Semiurban,N
LP001197,Male,No,0,Graduate,No,6250,0.0,175.0,360.0,1.0,Urban,Y
LP001198,Male,Yes,2,Not Graduate,No,2500,1250.0,100.0,360.0,1.0,Rural,N
LP001199,Female,No,0,Graduate,No,2083,0.0,58.0,360.0,1.0,Semiurban,Y
LP001200,Male,No,0,Graduate,No,5000,0.0,128.0,360.0,1.0,Urban,Y
LP001201,Male,Yes,0,Graduate,No,4583,1667.0,166.0,360.0,1.0,Urban,Y
LP001202,Male,No,0,Graduate,No,3750,0.0,100.0,360.0,1.0,Urban,Y
LP001203,Female,No,0,Graduate,No,2500,0.0,70.0,360.0,1.0,Semiurban,Y
LP001204,Male,Yes,1,Graduate,No,5000,2083.0,175.0,360.0,1.0,Urban,Y
LP001205,Male,No,0,Not Graduate,No,2500,0.0,70.0,360.0,1.0,Urban,Y
LP001206,Male,Yes,0,Graduate,No,4167,1667.0,160.0,360.0,1.0,Urban,Y
LP001207,Female,No,0,Graduate,No,2083,0.0,58.0,360.0,0.0,Semiurban,N
LP001208,Male,No,0,Graduate,No,6250,0.0,175.0,360.0,1.0,Urban,Y
LP001209,Male,Yes,2,Graduate,No,3333,2500.0,140.0,360.0,1.0,Rural,Y
LP001210,Female,No,0,Graduate,No,2500,0.0,70.0,360.0,1.0,Semiurban,Y
LP001211,Male,No,0,Graduate,No,5000,0.0,128.0,360.0,1.0,Urban,Y
LP001212,Male,Yes,0,Graduate,No,4583,1250.0,152.0,360.0,1.0,Urban,Y
LP001213,Male,No,0,Not Graduate,No,2083,0.0,58.0,360.0,1.0,Urban,Y
LP001214,Female,No,0,Graduate,No,2500,0.0,70.0,360.0,1.0,Semiurban,Y
LP001215,Male,Yes,1,Graduate,No,5833,1667.0,200.0,360.0,1.0,Urban,Y
LP001216,Male,No,0,Graduate,No,4167,0.0,113.0,360.0,1.0,Urban,Y
LP001217,Male,Yes,0,Graduate,No,3750,2083.0,152.0,360.0,1.0,Rural,Y
LP001218,Female,No,0,Graduate,No,2500,0.0,70.0,360.0,0.0,Semiurban,N
LP001219,Male,No,0,Graduate,No,6250,0.0,175.0,360.0,1.0,Urban,Y
LP001220,Male,Yes,2,Not Graduate,No,2500,1250.0,100.0,360.0,1.0,Rural,N
LP001221,Female,No,0,Graduate,No,2083,0.0,58.0,360.0,1.0,Semiurban,Y
LP001222,Male,No,0,Graduate,No,5000,0.0,128.0,360.0,1.0,Urban,Y
LP001223,Male,Yes,0,Graduate,No,4583,1667.0,166.0,360.0,1.0,Urban,Y
LP001224,Male,No,0,Graduate,No,3750,0.0,100.0,360.0,1.0,Urban,Y
LP001225,Female,No,0,Graduate,No,2500,0.0,70.0,360.0,1.0,Semiurban,Y
LP001226,Male,Yes,1,Graduate,No,5000,2083.0,175.0,360.0,1.0,Urban,Y
LP001227,Male,No,0,Not Graduate,No,2500,0.0,70.0,360.0,1.0,Urban,Y
LP001228,Male,Yes,0,Graduate,No,4167,1667.0,160.0,360.0,1.0,Urban,Y
LP001229,Female,No,0,Graduate,No,2083,0.0,58.0,360.0,0.0,Semiurban,N
LP001230,Male,No,0,Graduate,No,6250,0.0,175.0,360.0,1.0,Urban,Y
LP001231,Male,Yes,2,Graduate,No,3333,2500.0,140.0,360.0,1.0,Rural,Y
LP001232,Female,No,0,Graduate,No,2500,0.0,70.0,360.0,1.0,Semiurban,Y
LP001233,Male,No,0,Graduate,No,5000,0.0,128.0,360.0,1.0,Urban,Y
LP001234,Male,Yes,0,Graduate,No,4583,1250.0,152.0,360.0,1.0,Urban,Y
LP001235,Male,No,0,Not Graduate,No,2083,0.0,58.0,360.0,1.0,Urban,Y
LP001236,Female,No,0,Graduate,No,2500,0.0,70.0,360.0,1.0,Semiurban,Y
LP001237,Male,Yes,1,Graduate,No,5833,1667.0,200.0,360.0,1.0,Urban,Y
LP001238,Male,No,0,Graduate,No,4167,0.0,113.0,360.0,1.0,Urban,Y
LP001239,Male,Yes,0,Graduate,No,3750,2083.0,152.0,360.0,1.0,Rural,Y
LP001240,Female,No,0,Graduate,No,2500,0.0,70.0,360.0,0.0,Semiurban,N
LP001241,Male,No,0,Graduate,No,6250,0.0,175.0,360.0,1.0,Urban,Y
LP001242,Male,Yes,2,Not Graduate,No,2500,1250.0,100.0,360.0,1.0,Rural,N
LP001243,Female,No,0,Graduate,No,2083,0.0,58.0,360.0,1.0,Semiurban,Y
LP001244,Male,No,0,Graduate,No,5417,0.0,140.0,360.0,1.0,Urban,Y
LP001245,Male,Yes,0,Graduate,No,4583,1667.0,166.0,360.0,1.0,Urban,Y
LP001246,Male,No,0,Graduate,No,3750,0.0,100.0,360.0,1.0,Urban,Y
LP001247,Female,No,0,Graduate,No,2500,0.0,70.0,360.0,1.0,Semiurban,Y
LP001248,Male,Yes,1,Graduate,No,5000,2083.0,175.0,360.0,1.0,Urban,Y
LP001249,Male,No,0,Not Graduate,No,2500,0.0,70.0,360.0,1.0,Urban,Y
LP001250,Male,Yes,0,Graduate,No,4583,1667.0,166.0,360.0,1.0,Urban,Y
LP001251,Female,No,0,Graduate,No,2083,0.0,58.0,360.0,0.0,Semiurban,N
LP001252,Male,No,0,Graduate,No,6250,0.0,175.0,360.0,1.0,Urban,Y
LP001253,Male,Yes,2,Graduate,No,3333,2500.0,140.0,360.0,1.0,Rural,Y
LP001254,Female,No,0,Graduate,No,2500,0.0,70.0,360.0,1.0,Semiurban,Y
LP001255,Male,No,0,Graduate,No,5000,0.0,128.0,360.0,1.0,Urban,Y
LP001256,Male,Yes,0,Graduate,No,4583,1250.0,152.0,360.0,1.0,Urban,Y
LP001257,Male,No,0,Not Graduate,No,2083,0.0,58.0,360.0,1.0,Urban,Y
LP001258,Female,No,0,Graduate,No,2500,0.0,70.0,360.0,1.0,Semiurban,Y
LP001259,Male,Yes,1,Graduate,No,5833,1667.0,200.0,360.0,1.0,Urban,Y
LP001260,Male,No,0,Graduate,No,4167,0.0,113.0,360.0,1.0,Urban,Y
LP001261,Male,Yes,0,Graduate,No,3750,2083.0,152.0,360.0,1.0,Rural,Y
LP001262,Female,No,0,Graduate,No,2500,0.0,70.0,360.0,0.0,Semiurban,N
LP001263,Male,No,0,Graduate,No,6250,0.0,175.0,360.0,1.0,Urban,Y
LP001264,Male,Yes,2,Not Graduate,No,2500,1250.0,100.0,360.0,1.0,Rural,N
LP001265,Female,No,0,Graduate,No,2083,0.0,58.0,360.0,1.0,Semiurban,Y
LP001266,Male,No,0,Graduate,No,5000,0.0,128.0,360.0,1.0,Urban,Y
LP001267,Male,Yes,0,Graduate,No,4583,1667.0,166.0,360.0,1.0,Urban,Y
LP001268,Male,No,0,Graduate,No,3750,0.0,100.0,360.0,1.0,Urban,Y
LP001269,Female,No,0,Graduate,No,2500,0.0,70.0,360.0,1.0,Semiurban,Y
LP001270,Male,Yes,1,Graduate,No,5000,2083.0,175.0,360.0,1.0,Urban,Y
LP001271,Male,No,0,Not Graduate,No,2500,0.0,70.0,360.0,1.0,Urban,Y
LP001272,Male,Yes,0,Graduate,No,4167,1667.0,160.0,360.0,1.0,Urban,Y
LP001273,Female,No,0,Graduate,No,2083,0.0,58.0,360.0,0.0,Semiurban,N
LP001274,Male,No,0,Graduate,No,6250,0.0,175.0,360.0,1.0,Urban,Y
LP001275,Male,Yes,2,Graduate,No,3333,2500.0,140.0,360.0,1.0,Rural,Y
LP001276,Female,No,0,Graduate,No,2500,0.0,70.0,360.0,1.0,Semiurban,Y
LP001277,Male,No,0,Graduate,No,5000,0.0,128.0,360.0,1.0,Urban,Y
LP001278,Male,Yes,0,Graduate,No,4583,1250.0,152.0,360.0,1.0,Urban,Y
LP001279,Male,No,0,Not Graduate,No,2083,0.0,58.0,360.0,1.0,Urban,Y
LP001280,Female,No,0,Graduate,No,2500,0.0,70.0,360.0,1.0,Semiurban,Y
LP001281,Male,Yes,1,Graduate,No,5833,1667.0,200.0,360.0,1.0,Urban,Y
LP001282,Male,No,0,Graduate,No,4167,0.0,113.0,360.0,1.0,Urban,Y
LP001283,Male,Yes,0,Graduate,No,3750,2083.0,152.0,360.0,1.0,Rural,Y
LP001284,Female,No,0,Graduate,No,2500,0.0,70.0,360.0,0.0,Semiurban,N
LP001285,Male,No,0,Graduate,No,6250,0.0,175.0,360.0,1.0,Urban,Y
LP001286,Male,Yes,2,Not Graduate,No,2500,1250.0,100.0,360.0,1.0,Rural,N
LP001287,Female,No,0,Graduate,No,2083,0.0,58.0,360.0,1.0,Semiurban,Y
LP001288,Male,No,0,Graduate,No,5417,0.0,140.0,360.0,1.0,Urban,Y
LP001289,Male,Yes,0,Graduate,No,4583,1667.0,166.0,360.0,1.0,Urban,Y
LP001290,Male,No,0,Graduate,No,3750,0.0,100.0,360.0,1.0,Urban,Y
LP001291,Female,No,0,Graduate,No,2500,0.0,70.0,360.0,1.0,Semiurban,Y
LP001292,Male,Yes,1,Graduate,No,5000,2083.0,175.0,360.0,1.0,Urban,Y
LP001293,Male,No,0,Not Graduate,No,2500,0.0,70.0,360.0,1.0,Urban,Y
LP001294,Male,Yes,0,Graduate,No,4583,1667.0,166.0,360.0,1.0,Urban,Y
LP001295,Female,No,0,Graduate,No,2083,0.0,58.0,360.0,0.0,Semiurban,N
LP001296,Male,No,0,Graduate,No,6250,0.0,175.0,360.0,1.0,Urban,Y
LP001297,Male,Yes,2,Graduate,No,3333,2500.0,140.0,360.0,1.0,Rural,Y
LP001298,Female,No,0,Graduate,No,2500,0.0,70.0,360.0,1.0,Semiurban,Y
LP001299,Male,No,0,Graduate,No,5000,0.0,128.0,360.0,1.0,Urban,Y
LP001300,Male,Yes,0,Graduate,No,4583,1250.0,152.0,360.0,1.0,Urban,Y
LP001301,Male,No,0,Not Graduate,No,2083,0.0,58.0,360.0,1.0,Urban,Y
LP001302,Female,No,0,Graduate,No,2500,0.0,70.0,360.0,1.0,Semiurban,Y
LP001303,Male,Yes,1,Graduate,No,5833,1667.0,200.0,360.0,1.0,Urban,Y
LP001304,Male,No,0,Graduate,No,4167,0.0,113.0,360.0,1.0,Urban,Y
LP001305,Male,Yes,0,Graduate,No,3750,2083.0,152.0,360.0,1.0,Rural,Y
LP001306,Female,No,0,Graduate,No,2500,0.0,70.0,360.0,0.0,Semiurban,N
LP001307,Male,No,0,Graduate,No,6250,0.0,175.0,360.0,1.0,Urban,Y
LP001308,Male,Yes,2,Not Graduate,No,2500,1250.0,100.0,360.0,1.0,Rural,N
LP001309,Female,No,0,Graduate,No,2083,0.0,58.0,360.0,1.0,Semiurban,Y
LP001310,Male,No,0,Graduate,No,5000,0.0,128.0,360.0,1.0,Urban,Y
LP001311,Male,Yes,0,Graduate,No,4583,1667.0,166.0,360.0,1.0,Urban,Y
LP001312,Male,No,0,Graduate,No,3750,0.0,100.0,360.0,1.0,Urban,Y
LP001313,Female,No,0,Graduate,No,2500,0.0,70.0,360.0,1.0,Semiurban,Y
LP001314,Male,Yes,1,Graduate,No,5000,2083.0,175.0,360.0,1.0,Urban,Y
LP001315,Male,No,0,Not Graduate,No,2500,0.0,70.0,360.0,1.0,Urban,Y
LP001316,Male,Yes,0,Graduate,No,4167,1667.0,160.0,360.0,1.0,Urban,Y
LP001317,Female,No,0,Graduate,No,2083,0.0,58.0,360.0,0.0,Semiurban,N
LP001318,Male,No,0,Graduate,No,6250,0.0,175.0,360.0,1.0,Urban,Y
LP001319,Male,Yes,2,Graduate,No,3333,2500.0,140.0,360.0,1.0,Rural,Y
LP001320,Female,No,0,Graduate,No,2500,0.0,70.0,360.0,1.0,Semiurban,Y
LP001321,Male,No,0,Graduate,No,5417,0.0,140.0,360.0,1.0,Urban,Y
LP001322,Male,Yes,0,Graduate,No,4583,1250.0,152.0,360.0,1.0,Urban,Y
LP001323,Male,No,0,Not Graduate,No,2083,0.0,58.0,360.0,1.0,Urban,Y
LP001324,Female,No,0,Graduate,No,2500,0.0,70.0,360.0,1.0,Semiurban,Y
LP001325,Male,Yes,1,Graduate,No,5833,1667.0,200.0,360.0,1.0,Urban,Y
LP001326,Male,No,0,Graduate,No,4167,0.0,113.0,360.0,1.0,Urban,Y
LP001327,Male,Yes,0,Graduate,No,3750,2083.0,152.0,360.0,1.0,Rural,Y
LP001328,Female,No,0,Graduate,No,2500,0.0,70.0,360.0,0.0,Semiurban,N
LP001329,Male,No,0,Graduate,No,6250,0.0,175.0,360.0,1.0,Urban,Y
LP001330,Male,Yes,2,Not Graduate,No,2500,1250.0,100.0,360.0,1.0,Rural,N
LP001331,Female,No,0,Graduate,No,2083,0.0,58.0,360.0,1.0,Semiurban,Y
LP001332,Male,No,0,Graduate,No,5000,0.0,128.0,360.0,1.0,Urban,Y
LP001333,Male,Yes,0,Graduate,No,4583,1667.0,166.0,360.0,1.0,Urban,Y
LP001334,Male,No,0,Graduate,No,3750,0.0,100.0,360.0,1.0,Urban,Y
LP001335,Female,No,0,Graduate,No,2500,0.0,70.0,360.0,1.0,Semiurban,Y
LP001336,Male,Yes,1,Graduate,No,5000,2083.0,175.0,360.0,1.0,Urban,Y
LP001337,Male,No,0,Not Graduate,No,2500,0.0,70.0,360.0,1.0,Urban,Y
LP001338,Male,Yes,0,Graduate,No,4167,1667.0,160.0,360.0,1.0,Urban,Y
LP001339,Female,No,0,Graduate,No,2083,0.0,58.0,360.0,0.0,Semiurban,N
LP001340,Male,No,0,Graduate,No,6250,0.0,175.0,360.0,1.0,Urban,Y
LP001341,Male,Yes,2,Graduate,No,3333,2500.0,140.0,360.0,1.0,Rural,Y
LP001342,Female,No,0,Graduate,No,2500,0.0,70.0,360.0,1.0,Semiurban,Y
LP001343,Male,No,0,Graduate,No,5000,0.0,128.0,360.0,1.0,Urban,Y
LP001344,Male,Yes,0,Graduate,No,4583,1250.0,152.0,360.0,1.0,Urban,Y
LP001345,Male,No,0,Not Graduate,No,2083,0.0,58.0,360.0,1.0,Urban,Y
LP001346,Female,No,0,Graduate,No,2500,0.0,70.0,360.0,1.0,Semiurban,Y
LP001347,Male,Yes,1,Graduate,No,5833,1667.0,200.0,360.0,1.0,Urban,Y
LP001348,Male,No,0,Graduate,No,4167,0.0,113.0,360.0,1.0,Urban,Y
LP001349,Male,Yes,0,Graduate,No,3750,2083.0,152.0,360.0,1.0,Rural,Y
LP001350,Female,No,0,Graduate,No,2500,0.0,70.0,360.0,0.0,Semiurban,N
LP001351,Male,No,0,Graduate,No,6250,0.0,175.0,360.0,1.0,Urban,Y
LP001352,Male,Yes,2,Not Graduate,No,2500,1250.0,100.0,360.0,1.0,Rural,N
LP001353,Female,No,0,Graduate,No,2083,0.0,58.0,360.0,1.0,Semiurban,Y
LP001354,Male,No,0,Graduate,No,5417,0.0,140.0,360.0,1.0,Urban,Y
LP001355,Male,Yes,0,Graduate,No,4583,1667.0,166.0,360.0,1.0,Urban,Y
LP001356,Male,No,0,Graduate,No,3750,0.0,100.0,360.0,1.0,Urban,Y
LP001357,Female,No,0,Graduate,No,2500,0.0,70.0,360.0,1.0,Semiurban,Y
LP001358,Male,Yes,1,Graduate,No,5000,2083.0,175.0,360.0,1.0,Urban,Y
LP001359,Male,No,0,Not Graduate,No,2500,0.0,70.0,360.0,1.0,Urban,Y
LP001360,Male,Yes,0,Graduate,No,4583,1667.0,166.0,360.0,1.0,Urban,Y
LP001361,Female,No,0,Graduate,No,2083,0.0,58.0,360.0,0.0,Semiurban,N
LP001362,Male,No,0,Graduate,No,6250,0.0,175.0,360.0,1.0,Urban,Y
LP001363,Male,Yes,2,Graduate,No,3333,2500.0,140.0,360.0,1.0,Rural,Y
LP001364,Female,No,0,Graduate,No,2500,0.0,70.0,360.0,1.0,Semiurban,Y
LP001365,Male,No,0,Graduate,No,5000,0.0,128.0,360.0,1.0,Urban,Y
LP001366,Male,Yes,0,Graduate,No,4583,1250.0,152.0,360.0,1.0,Urban,Y
LP001367,Male,No,0,Not Graduate,No,2083,0.0,58.0,360.0,1.0,Urban,Y
LP001368,Female,No,0,Graduate,No,2500,0.0,70.0,360.0,1.0,Semiurban,Y
LP001369,Male,Yes,1,Graduate,No,5833,1667.0,200.0,360.0,1.0,Urban,Y
LP001370,Male,No,0,Graduate,No,4167,0.0,113.0,360.0,1.0,Urban,Y
LP001371,Male,Yes,0,Graduate,No,3750,2083.0,152.0,360.0,1.0,Rural,Y
LP001372,Female,No,0,Graduate,No,2500,0.0,70.0,360.0,0.0,Semiurban,N
LP001373,Male,No,0,Graduate,No,6250,0.0,175.0,360.0,1.0,Urban,Y
LP001374,Male,Yes,2,Not Graduate,No,2500,1250.0,100.0,360.0,1.0,Rural,N
LP001375,Female,No,0,Graduate,No,2083,0.0,58.0,360.0,1.0,Semiurban,Y
LP001376,Male,No,0,Graduate,No,5000,0.0,128.0,360.0,1.0,Urban,Y
LP001377,Male,Yes,0,Graduate,No,4583,1667.0,166.0,360.0,1.0,Urban,Y
LP001378,Male,No,0,Graduate,No,3750,0.0,100.0,360.0,1.0,Urban,Y
LP001379,Female,No,0,Graduate,No,2500,0.0,70.0,360.0,1.0,Semiurban,Y
LP001380,Male,Yes,1,Graduate,No,5000,2083.0,175.0,360.0,1.0,Urban,Y
LP001381,Male,No,0,Not Graduate,No,2500,0.0,70.0,360.0,1.0,Urban,Y
LP001382,Male,Yes,0,Graduate,No,4167,1667.0,160.0,360.0,1.0,Urban,Y
LP001383,Female,No,0,Graduate,No,2083,0.0,58.0,360.0,0.0,Semiurban,N
LP001384,Male,No,0,Graduate,No,6250,0.0,175.0,360.0,1.0,Urban,Y
LP001385,Male,Yes,2,Graduate,No,3333,2500.0,140.0,360.0,1.0,Rural,Y
LP001386,Female,No,0,Graduate,No,2500,0.0,70.0,360.0,1.0,Semiurban,Y
LP001387,Male,No,0,Graduate,No,5417,0.0,140.0,360.0,1.0,Urban,Y
LP001388,Male,Yes,0,Graduate,No,4583,1250.0,152.0,360.0,1.0,Urban,Y
LP001389,Male,No,0,Not Graduate,No,2083,0.0,58.0,360.0,1.0,Urban,Y
LP001390,Female,No,0,Graduate,No,2500,0.0,70.0,360.0,1.0,Semiurban,Y
LP001391,Male,Yes,1,Graduate,No,5833,1667.0,200.0,360.0,1.0,Urban,Y
LP001392,Male,No,0,Graduate,No,4167,0.0,113.0,360.0,1.0,Urban,Y
LP001393,Male,Yes,0,Graduate,No,3750,2083.0,152.0,360.0,1.0,Rural,Y
LP001394,Female,No,0,Graduate,No,2500,0.0,70.0,360.0,0.0,Semiurban,N
LP001395,Male,No,0,Graduate,No,6250,0.0,175.0,360.0,1.0,Urban,Y
LP001396,Male,Yes,2,Not Graduate,No,2500,1250.0,100.0,360.0,1.0,Rural,N
LP001397,Female,No,0,Graduate,No,2083,0.0,58.0,360.0,1.0,Semiurban,Y
LP001398,Male,No,0,Graduate,No,5000,0.0,128.0,360.0,1.0,Urban,Y
LP001399,Male,Yes,0,Graduate,No,4583,1667.0,166.0,360.0,1.0,Urban,Y
LP001400,Male,No,0,Graduate,No,3750,0.0,100.0,360.0,1.0,Urban,Y
LP001401,Female,No,0,Graduate,No,2500,0.0,70.0,360.0,1.0,Semiurban,Y
LP001402,Male,Yes,1,Graduate,No,5000,2083.0,175.0,360.0,1.0,Urban,Y
LP001403,Male,No,0,Not Graduate,No,2500,0.0,70.0,360.0,1.0,Urban,Y
LP001404,Male,Yes,0,Graduate,No,4167,1667.0,160.0,360.0,1.0,Urban,Y
LP001405,Female,No,0,Graduate,No,2083,0.0,58.0,360.0,0.0,Semiurban,N
LP001406,Male,No,0,Graduate,No,6250,0.0,175.0,360.0,1.0,Urban,Y
LP001407,Male,Yes,2,Graduate,No,3333,2500.0,140.0,360.0,1.0,Rural,Y
LP001408,Female,No,0,Graduate,No,2500,0.0,70.0,360.0,1.0,Semiurban,Y
LP001409,Male,No,0,Graduate,No,5000,0.0,128.0,360.0,1.0,Urban,Y
LP001410,Male,Yes,0,Graduate,No,4583,1250.0,152.0,360.0,1.0,Urban,Y
LP001411,Male,No,0,Not Graduate,No,2083,0.0,58.0,360.0,1.0,Urban,Y
LP001412,Female,No,0,Graduate,No,2500,0.0,70.0,360.0,1.0,Semiurban,Y
LP001413,Male,Yes,1,Graduate,No,5833,1667.0,200.0,360.0,1.0,Urban,Y
LP001414,Male,No,0,Graduate,No,4167,0.0,113.0,360.0,1.0,Urban,Y
LP001415,Male,Yes,0,Graduate,No,3750,2083.0,152.0,360.0,1.0,Rural,Y
LP001416,Female,No,0,Graduate,No,2500,0.0,70.0,360.0,0.0,Semiurban,N
LP001417,Male,No,0,Graduate,No,6250,0.0,175.0,360.0,1.0,Urban,Y
LP001418,Male,Yes,2,Not Graduate,No,2500,1250.0,100.0,360.0,1.0,Rural,N
LP001419,Female,No,0,Graduate,No,2083,0.0,58.0,360.0,1.0,Semiurban,Y
LP001420,Male,No,0,Graduate,No,5417,0.0,140.0,360.0,1.0,Urban,Y
LP001421,Male,Yes,0,Graduate,No,4583,1667.0,166.0,360.0,1.0,Urban,Y
LP001422,Male,No,0,Graduate,No,3750,0.0,100.0,360.0,1.0,Urban,Y
LP001423,Female,No,0,Graduate,No,2500,0.0,70.0,360.0,1.0,Semiurban,Y
LP001424,Male,Yes,1,Graduate,No,5000,2083.0,175.0,360.0,1.0,Urban,Y
LP001425,Male,No,0,Not Graduate,No,2500,0.0,70.0,360.0,1.0,Urban,Y
LP001426,Male,Yes,0,Graduate,No,4583,1667.0,166.0,360.0,1.0,Urban,Y
LP001427,Female,No,0,Graduate,No,2083,0.0,58.0,360.0,0.0,Semiurban,N
LP001428,Male,No,0,Graduate,No,6250,0.0,175.0,360.0,1.0,Urban,Y
LP001429,Male,Yes,2,Graduate,No,3333,2500.0,140.0,360.0,1.0,Rural,Y
LP001430,Female,No,0,Graduate,No,2500,0.0,70.0,360.0,1.0,Semiurban,Y
LP001431,Male,No,0,Graduate,No,5000,0.0,128.0,360.0,1.0,Urban,Y
LP001432,Male,Yes,0,Graduate,No,4583,1250.0,152.0,360.0,1.0,Urban,Y
LP001433,Male,No,0,Not Graduate,No,2083,0.0,58.0,360.0,1.0,Urban,Y
LP001434,Female,No,0,Graduate,No,2500,0.0,70.0,360.0,1.0,Semiurban,Y
LP001435,Male,Yes,1,Graduate,No,5833,1667.0,200.0,360.0,1.0,Urban,Y
LP001436,Male,No,0,Graduate,No,4167,0.0,113.0,360.0,1.0,Urban,Y
LP001437,Male,Yes,0,Graduate,No,3750,2083.0,152.0,360.0,1.0,Rural,Y
LP001438,Female,No,0,Graduate,No,2500,0.0,70.0,360.0,0.0,Semiurban,N
LP001439,Male,No,0,Graduate,No,6250,0.0,175.0,360.0,1.0,Urban,Y
LP001440,Male,Yes,2,Not Graduate,No,2500,1250.0,100.0,360.0,1.0,Rural,N
LP001441,Female,No,0,Graduate,No,2083,0.0,58.0,360.0,1.0,Semiurban,Y
LP001442,Male,No,0,Graduate,No,5000,0.0,128.0,360.0,1.0,Urban,Y
LP001443,Male,Yes,0,Graduate,No,4583,1667.0,166.0,360.0,1.0,Urban,Y
LP001444,Male,No,0,Graduate,No,3750,0.0,100.0,360.0,1.0,Urban,Y
LP001445,Female,No,0,Graduate,No,2500,0.0,70.0,360.0,1.0,Semiurban,Y
LP001446,Male,Yes,1,Graduate,No,5000,2083.0,175.0,360.0,1.0,Urban,Y
LP001447,Male,No,0,Not Graduate,No,2500,0.0,70.0,360.0,1.0,Urban,Y
LP001448,Male,Yes,0,Graduate,No,4167,1667.0,160.0,360.0,1.0,Urban,Y
LP001449,Female,No,0,Graduate,No,2083,0.0,58.0,360.0,0.0,Semiurban,N
LP001450,Male,No,0,Graduate,No,6250,0.0,175.0,360.0,1.0,Urban,Y
LP001451,Male,Yes,2,Graduate,No,3333,2500.0,140.0,360.0,1.0,Rural,Y
LP001452,Female,No,0,Graduate,No,2500,0.0,70.0,360.0,1.0,Semiurban,Y
LP001453,Male,No,0,Graduate,No,5417,0.0,140.0,360.0,1.0,Urban,Y
LP001454,Male,Yes,0,Graduate,No,4583,1250.0,152.0,360.0,1.0,Urban,Y
LP001455,Male,No,0,Not Graduate,No,2083,0.0,58.0,360.0,1.0,Urban,Y
LP001456,Female,No,0,Graduate,No,2500,0.0,70.0,360.0,1.0,Semiurban,Y
LP001457,Male,Yes,1,Graduate,No,5833,1667.0,200.0,360.0,1.0,Urban,Y
LP001458,Male,No,0,Graduate,No,4167,0.0,113.0,360.0,1.0,Urban,Y
LP001459,Male,Yes,0,Graduate,No,3750,2083.0,152.0,360.0,1.0,Rural,Y
LP001460,Female,No,0,Graduate,No,2500,0.0,70.0,360.0,0.0,Semiurban,N
LP001461,Male,No,0,Graduate,No,6250,0.0,175.0,360.0,1.0,Urban,Y
LP001462,Male,Yes,2,Not Graduate,No,2500,1250.0,100.0,360.0,1.0,Rural,N
LP001463,Female,No,0,Graduate,No,2083,0.0,58.0,360.0,1.0,Semiurban,Y
LP001464,Male,No,0,Graduate,No,5000,0.0,128.0,360.0,1.0,Urban,Y
LP001465,Male,Yes,0,Graduate,No,4583,1667.0,166.0,360.0,1.0,Urban,Y
LP001466,Male,No,0,Graduate,No,3750,0.0,100.0,360.0,1.0,Urban,Y
LP001467,Female,No,0,Graduate,No,2500,0.0,70.0,360.0,1.0,Semiurban,Y
LP001468,Male,Yes,1,Graduate,No,5000,2083.0,175.0,360.0,1.0,Urban,Y
LP001469,Male,No,0,Not Graduate,No,2500,0.0,70.0,360.0,1.0,Urban,Y
LP001470,Male,Yes,0,Graduate,No,4167,1667.0,160.0,360.0,1.0,Urban,Y
LP001471,Female,No,0,Graduate,No,2083,0.0,58.0,360.0,0.0,Semiurban,N
LP001472,Male,No,0,Graduate,No,6250,0.0,175.0,360.0,1.0,Urban,Y
LP001473,Male,Yes,2,Graduate,No,3333,2500.0,140.0,360.0,1.0,Rural,Y
LP001474,Female,No,0,Graduate,No,2500,0.0,70.0,360.0,1.0,Semiurban,Y
LP001475,Male,No,0,Graduate,No,5000,0.0,128.0,360.0,1.0,Urban,Y
LP001476,Male,Yes,0,Graduate,No,4583,1250.0,152.0,360.0,1.0,Urban,Y
LP001477,Male,No,0,Not Graduate,No,2083,0.0,58.0,360.0,1.0,Urban,Y
LP001478,Female,No,0,Graduate,No,2500,0.0,70.0,360.0,1.0,Semiurban,Y
LP001479,Male,Yes,1,Graduate,No,5833,1667.0,200.0,360.0,1.0,Urban,Y
LP001480,Male,No,0,Graduate,No,4167,0.0,113.0,360.0,1.0,Urban,Y
LP001481,Male,Yes,0,Graduate,No,3750,2083.0,152.0,360.0,1.0,Rural,Y
LP001482,Female,No,0,Graduate,No,2500,0.0,70.0,360.0,0.0,Semiurban,N
LP001483,Male,No,0,Graduate,No,6250,0.0,175.0,360.0,1.0,Urban,Y
LP001484,Male,Yes,2,Not Graduate,No,2500,1250.0,100.0,360.0,1.0,Rural,N
LP001485,Female,No,0,Graduate,No,2083,0.0,58.0,360.0,1.0,Semiurban,Y
LP001486,Male,No,0,Graduate,No,5417,0.0,140.0,360.0,1.0,Urban,Y
LP001487,Male,Yes,0,Graduate,No,4583,1667.0,166.0,360.0,1.0,Urban,Y
LP001488,Male,No,0,Graduate,No,3750,0.0,100.0,360.0,1.0,Urban,Y
LP001489,Female,No,0,Graduate,No,2500,0.0,70.0,360.0,1.0,Semiurban,Y
LP001490,Male,Yes,1,Graduate,No,5000,2083.0,175.0,360.0,1.0,Urban,Y
LP001491,Male,No,0,Not Graduate,No,2500,0.0,70.0,360.0,1.0,Urban,Y
LP001492,Male,Yes,0,Graduate,No,4583,1667.0,166.0,360.0,1.0,Urban,Y
LP001493,Female,No,0,Graduate,No,2083,0.0,58.0,360.0,0.0,Semiurban,N
LP001494,Male,No,0,Graduate,No,6250,0.0,175.0,360.0,1.0,Urban,Y
LP001495,Male,Yes,2,Graduate,No,3333,2500.0,140.0,360.0,1.0,Rural,Y
LP001496,Female,No,0,Graduate,No,2500,0.0,70.0,360.0,1.0,Semiurban,Y
LP001497,Male,No,0,Graduate,No,5000,0.0,128.0,360.0,1.0,Urban,Y
LP001498,Male,Yes,0,Graduate,No,4583,1250.0,152.0,360.0,1.0,Urban,Y
LP001499,Male,No,0,Not Graduate,No,2083,0.0,58.0,360.0,1.0,Urban,Y
LP001500,Female,No,0,Graduate,No,2500,0.0,70.0,360.0,1.0,Semiurban,Y
LP001501,Male,Yes,1,Graduate,No,5833,1667.0,200.0,360.0,1.0,Urban,Y
LP001502,Male,No,0,Graduate,No,4167,0.0,113.0,360.0,1.0,Urban,Y
LP001503,Male,Yes,0,Graduate,No,3750,2083.0,152.0,360.0,1.0,Rural,Y
LP001504,Female,No,0,Graduate,No,2500,0.0,70.0,360.0,0.0,Semiurban,N
LP001505,Male,No,0,Graduate,No,6250,0.0,175.0,360.0,1.0,Urban,Y
LP001506,Male,Yes,2,Not Graduate,No,2500,1250.0,100.0,360.0,1.0,Rural,N
LP001507,Female,No,0,Graduate,No,2083,0.0,58.0,360.0,1.0,Semiurban,Y
LP001508,Male,No,0,Graduate,No,5000,0.0,128.0,360.0,1.0,Urban,Y
LP001509,Male,Yes,0,Graduate,No,4583,1667.0,166.0,360.0,1.0,Urban,Y
LP001510,Male,No,0,Graduate,No,3750,0.0,100.0,360.0,1.0,Urban,Y
LP001511,Female,No,0,Graduate,No,2500,0.0,70.0,360.0,1.0,Semiurban,Y
LP001512,Male,Yes,1,Graduate,No,5000,2083.0,175.0,360.0,1.0,Urban,Y
LP001513,Male,No,0,Not Graduate,No,2500,0.0,70.0,360.0,1.0,Urban,Y
LP001514,Male,Yes,0,Graduate,No,4167,1667.0,160.0,360.0,1.0,Urban,Y
LP001515,Female,No,0,Graduate,No,2083,0.0,58.0,360.0,0.0,Semiurban,N
LP001516,Male,No,0,Graduate,No,8000,0.0,200.0,360.0,1.0,Urban,Y
LP001517,Male,Yes,1,Graduate,No,7500,2500.0,280.0,360.0,1.0,Semiurban,Y
LP001518,Female,Yes,0,Graduate,No,5500,0.0,132.0,360.0,1.0,Urban,Y
LP001519,Male,No,0,Not Graduate,No,2800,0.0,80.0,360.0,0.0,Rural,N
LP001520,Male,Yes,3+,Graduate,No,4500,3000.0,200.0,360.0,1.0,Semiurban,Y
LP001521,Female,No,1,Graduate,No,3200,0.0,85.0,360.0,1.0,Urban,Y
LP001522,Male,Yes,0,Graduate,Yes,9000,0.0,250.0,360.0,1.0,Urban,Y
LP001523,Male,No,0,Graduate,No,4000,1200.0,130.0,360.0,1.0,Rural,N
LP001524,Male,Yes,2,Not Graduate,No,2200,1800.0,95.0,360.0,0.0,Rural,N
LP001525,Female,No,0,Graduate,No,6000,0.0,160.0,360.0,1.0,Semiurban,Y
LP001526,Male,Yes,1,Graduate,No,5500,1500.0,180.0,360.0,1.0,Urban,Y
LP001527,Male,No,0,Graduate,No,3800,0.0,100.0,360.0,1.0,Urban,Y
LP001528,Male,Yes,0,Graduate,Yes,11000,0.0,300.0,360.0,1.0,Urban,Y
LP001529,Female,No,0,Not Graduate,No,2600,0.0,72.0,360.0,1.0,Semiurban,Y
LP001530,Male,Yes,3+,Graduate,No,3500,2500.0,160.0,360.0,0.0,Rural,N
LP001531,Male,No,0,Graduate,No,7000,0.0,180.0,360.0,1.0,Urban,Y
LP001532,Female,Yes,1,Graduate,No,4500,1000.0,140.0,360.0,1.0,Semiurban,Y
LP001533,Male,No,0,Graduate,No,3000,0.0,80.0,240.0,1.0,Urban,Y
LP001534,Male,Yes,0,Not Graduate,No,2500,2000.0,110.0,360.0,1.0,Rural,Y
LP001535,Female,No,0,Graduate,No,5000,0.0,128.0,360.0,0.0,Semiurban,N
LP001536,Male,Yes,2,Graduate,No,6500,1500.0,220.0,360.0,1.0,Urban,Y
LP001537,Male,No,0,Graduate,No,4200,0.0,112.0,360.0,1.0,Urban,Y
LP001538,Male,Yes,0,Graduate,Yes,13000,5000.0,400.0,360.0,1.0,Urban,Y
LP001539,Female,No,0,Graduate,No,3500,0.0,90.0,360.0,1.0,Semiurban,Y
LP001540,Male,No,1,Not Graduate,No,2000,1500.0,85.0,360.0,0.0,Rural,N
LP001541,Male,Yes,0,Graduate,No,5800,0.0,150.0,360.0,1.0,Urban,Y
LP001542,Female,Yes,2,Graduate,No,4000,2000.0,155.0,360.0,1.0,Semiurban,Y
LP001543,Male,No,0,Graduate,No,3300,0.0,88.0,360.0,1.0,Urban,Y
LP001544,Male,Yes,1,Graduate,No,6000,2000.0,210.0,360.0,1.0,Urban,Y
LP001545,Female,No,0,Not Graduate,No,2400,0.0,68.0,360.0,1.0,Semiurban,Y
LP001546,Male,No,0,Graduate,No,4800,0.0,125.0,360.0,0.0,Urban,N
LP001547,Male,Yes,0,Graduate,No,7200,1800.0,260.0,360.0,1.0,Urban,Y
LP001548,Female,No,0,Graduate,No,3600,0.0,95.0,360.0,1.0,Semiurban,Y
LP001549,Male,Yes,3+,Not Graduate,No,2800,2200.0,120.0,360.0,0.0,Rural,N
LP001550,Male,No,0,Graduate,No,9500,0.0,240.0,360.0,1.0,Urban,Y
LP001551,Female,Yes,1,Graduate,No,5200,1200.0,170.0,360.0,1.0,Urban,Y
LP001552,Male,No,0,Graduate,No,4400,0.0,115.0,360.0,1.0,Urban,Y
LP001553,Male,Yes,0,Graduate,Yes,15000,0.0,480.0,360.0,1.0,Urban,Y
LP001554,Female,No,0,Graduate,No,3800,0.0,100.0,360.0,1.0,Semiurban,Y
LP001555,Male,No,1,Not Graduate,No,2300,1200.0,90.0,360.0,0.0,Rural,N
LP001556,Male,Yes,0,Graduate,No,6800,0.0,175.0,360.0,1.0,Urban,Y
LP001557,Female,Yes,2,Graduate,No,4600,1800.0,165.0,360.0,1.0,Semiurban,Y
LP001558,Male,No,0,Graduate,No,3400,0.0,90.0,360.0,1.0,Urban,Y
LP001559,Male,Yes,1,Graduate,No,5600,2200.0,195.0,360.0,1.0,Urban,Y
LP001560,Female,No,0,Not Graduate,No,2700,0.0,75.0,360.0,1.0,Semiurban,Y
LP001561,Male,No,0,Graduate,No,4600,0.0,120.0,360.0,0.0,Urban,N
LP001562,Male,Yes,0,Graduate,No,8500,2000.0,290.0,360.0,1.0,Urban,Y
LP001563,Female,No,0,Graduate,No,3200,0.0,85.0,360.0,1.0,Semiurban,Y
LP001564,Male,Yes,3+,Not Graduate,No,2600,2400.0,115.0,360.0,0.0,Rural,N
LP001565,Male,No,0,Graduate,No,10000,0.0,260.0,360.0,1.0,Urban,Y
LP001566,Female,Yes,1,Graduate,No,4800,1400.0,158.0,360.0,1.0,Urban,Y
LP001567,Male,No,0,Graduate,No,3600,0.0,95.0,360.0,1.0,Urban,Y
LP001568,Male,Yes,0,Graduate,Yes,12000,4000.0,360.0,360.0,1.0,Urban,Y
LP001569,Female,No,0,Graduate,No,4000,0.0,105.0,360.0,1.0,Semiurban,Y
LP001570,Male,No,1,Not Graduate,No,2100,1300.0,88.0,360.0,0.0,Rural,N
LP001571,Male,Yes,0,Graduate,No,5400,0.0,140.0,360.0,1.0,Urban,Y
LP001572,Female,Yes,2,Graduate,No,4200,2200.0,160.0,360.0,1.0,Semiurban,Y
LP001573,Male,No,0,Graduate,No,3100,0.0,82.0,360.0,1.0,Urban,Y
LP001574,Male,Yes,1,Graduate,No,5800,1800.0,195.0,360.0,1.0,Urban,Y
LP001575,Female,No,0,Not Graduate,No,2500,0.0,70.0,360.0,1.0,Semiurban,Y
LP001576,Male,No,0,Graduate,No,5200,0.0,135.0,360.0,0.0,Urban,N
LP001577,Male,Yes,0,Graduate,No,9000,2500.0,310.0,360.0,1.0,Urban,Y
LP001578,Female,No,0,Graduate,No,3400,0.0,90.0,360.0,1.0,Semiurban,Y
LP001579,Male,Yes,3+,Not Graduate,No,2400,2600.0,110.0,360.0,0.0,Rural,N
LP001580,Male,No,0,Graduate,No,11000,0.0,280.0,360.0,1.0,Urban,Y
LP001581,Female,Yes,1,Graduate,No,5000,1600.0,168.0,360.0,1.0,Urban,Y
LP001582,Male,No,0,Graduate,No,3800,0.0,100.0,360.0,1.0,Urban,Y
LP001583,Male,Yes,0,Graduate,Yes,14000,3000.0,420.0,360.0,1.0,Urban,Y
LP001584,Female,No,0,Graduate,No,4200,0.0,110.0,360.0,1.0,Semiurban,Y
LP001585,Male,No,1,Not Graduate,No,2200,1400.0,92.0,360.0,0.0,Rural,N
LP001586,Male,Yes,0,Graduate,No,7000,0.0,185.0,360.0,1.0,Urban,Y
LP001587,Female,Yes,2,Graduate,No,4800,2000.0,170.0,360.0,1.0,Semiurban,Y
LP001588,Male,No,0,Graduate,No,3200,0.0,85.0,360.0,1.0,Urban,Y
LP001589,Male,Yes,1,Graduate,No,6200,2400.0,215.0,360.0,1.0,Urban,Y
LP001590,Female,No,0,Not Graduate,No,2600,0.0,72.0,360.0,1.0,Semiurban,Y
LP001591,Male,No,0,Graduate,No,4800,0.0,125.0,360.0,0.0,Urban,N
LP001592,Male,Yes,0,Graduate,No,9500,3000.0,330.0,360.0,1.0,Urban,Y
LP001593,Female,No,0,Graduate,No,3600,0.0,95.0,360.0,1.0,Semiurban,Y
LP001594,Male,Yes,3+,Not Graduate,No,2500,2800.0,118.0,360.0,0.0,Rural,N
LP001595,Male,No,0,Graduate,No,12000,0.0,300.0,360.0,1.0,Urban,Y
LP001596,Female,Yes,1,Graduate,No,5200,1800.0,175.0,360.0,1.0,Urban,Y
LP001597,Male,No,0,Graduate,No,4000,0.0,105.0,360.0,1.0,Urban,Y
LP001598,Male,Yes,0,Graduate,Yes,16000,5000.0,500.0,360.0,1.0,Urban,Y
LP001599,Female,No,0,Graduate,No,4400,0.0,115.0,360.0,1.0,Semiurban,Y
LP001600,Male,No,1,Not Graduate,No,2300,1500.0,95.0,360.0,0.0,Rural,N
LP001601,Male,Yes,0,Graduate,No,7500,0.0,195.0,360.0,1.0,Urban,Y
LP001602,Female,Yes,2,Graduate,No,5000,2400.0,178.0,360.0,1.0,Semiurban,Y
LP001603,Male,No,0,Graduate,No,3300,0.0,88.0,360.0,1.0,Urban,Y
LP001604,Male,Yes,1,Graduate,No,6500,2600.0,228.0,360.0,1.0,Urban,Y
LP001605,Female,No,0,Not Graduate,No,2700,0.0,75.0,360.0,1.0,Semiurban,Y
LP001606,Male,No,0,Graduate,No,5000,0.0,130.0,360.0,0.0,Urban,N
LP001607,Male,Yes,0,Graduate,No,10000,3500.0,350.0,360.0,1.0,Urban,Y
LP001608,Female,No,0,Graduate,No,3800,0.0,100.0,360.0,1.0,Semiurban,Y
LP001609,Male,Yes,3+,Not Graduate,No,2600,3000.0,125.0,360.0,0.0,Rural,N
LP001610,Male,No,0,Graduate,No,13000,0.0,330.0,360.0,1.0,Urban,Y
LP001611,Female,Yes,1,Graduate,No,5500,2000.0,185.0,360.0,1.0,Urban,Y
LP001612,Male,No,0,Graduate,No,4200,0.0,110.0,360.0,1.0,Urban,Y
LP001613,Male,Yes,0,Graduate,Yes,18000,6000.0,560.0,360.0,1.0,Urban,Y
LP001614,Female,No,0,Graduate,No,4600,0.0,120.0,360.0,1.0,Semiurban,Y